{
          "local_folder_path": "/home/crush/drl-turtle/ros2_ws/src/turtle_hardware/turtle_hardware/data",
          "remote_user": "ranger",
          "remote_host": "esolo",
          "remote_folder_path": "/home/ranger/drl-turtle/ros2_ws/src/turtle_hardware/turtle_hardware/data",
          "phi": 0.0,
          "w": 0.5,
          "a_r": 25,
          "a_x": 25,
          "M": 5,
          "K": 3,
          "max_episodes": 10,
          "rollout_time": 8,
          "dt": 0.03,
          "num_params": 21,
          "num_mods": 10,
          "quat_weight": 10,
          "ay_weight": 1000,
          "ax_weight": 1,
          "az_weight": 1,
          "tau_weight": 0.001,
          "threshold": 11.3,
          "mu": [
                    0.09844743865002581,
                    0.7160183002521245,
                    0.7006565963804942,
                    0.05956337378631482,
                    0.9733600511434671,
                    0.2564650461648428,
                    0.09013948597288302,
                    0.9328274210443598,
                    0.3515394473873207,
                    0.2229664414532373,
                    0.959569766560565,
                    0.6054799457570423,
                    0.34962435874093023,
                    0.2593517544466406,
                    0.2813411918550618,
                    0.9768250644808432,
                    0.5252003028276442,
                    0.1394275593400316,
                    0.3187842034190642,
                    0.7133477771277473,
                    0.6825370737780809
          ],
          "sigma": [
                    1.155082081337645,
                    1.2199473096039588,
                    0.9463536789804778,
                    1.744022579772061,
                    1.3382097950823568,
                    1.334762619989736,
                    1.7382735629880857,
                    1.8858525940792756,
                    1.5913512039882782,
                    1.6308692889926462,
                    1.2795227181498423,
                    1.7468671239438807,
                    1.4239327982751555,
                    1.49160886250099,
                    1.007695252446474,
                    1.675330757656758,
                    1.1937039799724567,
                    1.2758962784799543,
                    1.5291189161034293,
                    1.2535612538667884,
                    1.4759254387408305
          ]
}