{"mu_init": [0.04673727368089928, 0.06877581840895321, 0.05329856140826644, 0.039444173863780824, 0.050273673008421386, 0.08029952346681052, 0.02263808678827336, 0.036674185762843835, 0.08941520778284857, 0.049811111575961686, 0.06303376525833676, 0.0570400015787915, 0.013663760140957682], "sigma_init": [0.2487104351700758, 0.608025744287896, 1.1469035608464175, 1.0025939502507102, 1.3490357425856667, 0.800431801967681, 1.3543887294187429, 0.6667960553225791, 1.3273037854483487, 1.0146650382058329, 0.8193144872403413, 1.4077706023908005, 0.881729742160208], "params": [0.06611430661800337, 0.032052223800691226, 0.08494586398979082, 0.011662851655783069, 0.010395739126297722, 0.08489588150315779, 0.03978497996863661, 0.03641281230965234, 0.0858715027703411, 0.034163386198996205, 0.09740277159207378, 0.05849305208929674, 0.04640196310745849], "M": 40, "K": 5, "max_episode_length": 60, "alpha": 0.5, "omega": 0.5}