{"mu_init": [0.021395326246514725, 0.01293661443952422, 0.04000645712999791, 0.09379809888431935, 0.07381154123693838, 0.03317916770772255, 0.043481347611358905, 0.08381298057214348, 0.01864161051797645, 0.0662243193465235, 0.08479010128457715, 0.04094773000832961, 0.04938394623400562], "sigma_init": [0.36767487379399805, 0.8729206617795948, 0.5404589021235069, 0.9693470691881596, 0.9148478579165913, 0.58181494411672, 0.36732255703377087, 1.1449089377184745, 0.4845483330683615, 1.0223280488676538, 0.8409672745905905, 0.6448499064979967, 0.7158460214519633], "params": [0.0622495026589252, 0.07710367182250855, 0.09634866410355647, 0.08225022455977553, 0.009649325723699432, 0.061900089259864316, 0.020083554216943578, 0.006355903385121653, 0.09737701971521709, 0.001338679605284765, 0.03777865448076115, 0.04009971283898407, 0.04224464544533092], "M": 40, "K": 3, "max_episode_length": 60, "alpha": 0.5, "omega": 0.5}