{"mu_init": [0.011640002875826028, 0.09838525076032571, 0.0846285759048326, 0.022390093591125607, 0.0802390424601911, 0.055736940400032776, 0.056489167588919344, 0.0037324054599084167, 0.05293105942851648, 0.03355302640887945, 0.003967105327143494, 0.02734681026131346, 0.08615003284556895], "sigma_init": [0.760242197718938, 0.8563257528242896, 0.5024681253996147, 1.1909787808672263, 1.208444759967912, 1.1754408812109698, 0.5866208676263291, 1.3096887768355105, 0.5814442135607841, 0.84155085338312, 1.1355108709446837, 1.0604306470659033, 1.0359605567415666], "params": [0.03749199581892864, 0.008136547876127853, 0.052557023390480975, 0.008497664830784091, 0.08173616545093053, 0.07896864694260537, 0.038661241652222844, 0.021344299660118027, 0.09209983943841299, 0.0635235885650368, 0.029398758181455098, 0.0752541508569668, 0.03415538513915552], "M": 40, "K": 5, "max_episode_length": 60, "alpha": 0.5, "omega": 0.5}