{"mu_init": [0.06620010873944757, 0.04281947729877448, 0.07524312390776548, 0.009767623938087356, 0.07152680288204592, 0.0396566032717148, 0.05048833567529098, 0.08299158657418593, 0.04408360695895888, 0.09523023107826656, 0.0023087268040071886, 0.07691972738968528, 0.07625936776025495], "sigma_init": [0.4708066470327213, 0.9757264232243482, 0.8308431983218972, 1.0666470538405397, 0.9659949910701766, 1.4114414521789476, 1.2600135300361204, 0.7440508393525121, 0.7555825322216349, 1.1256119418659742, 1.2157496376020043, 0.8358560864787637, 1.1646704170151403], "params": [0.09625073196764197, 0.08882859757376782, 0.05739424412592688, 0.018080725510894482, 0.005221416806050117, 0.0757487035971004, 0.09334489438918699, 0.03166035877344725, 0.08669165613017778, 0.06954042108481981, 0.020108041071409778, 0.05552296840349785, 0.04800246053983479], "M": 40, "K": 5, "max_episode_length": 60, "alpha": 0.5, "omega": 0.5}